0,1,Cuentas de vueltas,Muestreo (s),Velocidad medida (m/s),Voltaje PAU (V),Voltaje celda #1 (V),Voltaje celda #2 (V),Voltaje de excitacion (V)
Fecha,01_07_2022,,,,,,,
Hora de inicio,14_36_00,,,,,,,
Hora de finalizaci√≥n,14_36_13,,,,,,,
Voltage de salida analoga,0,,,,,,,
"ObservacionesEscriba sus observaciones antes de presionar ""Terminar"" o borre este campo si no tiene...",,,,,,,,
,,0.0,0.0025587081909179688,5.995510745922998,-0.44820697482676214,5.488156153291905e-05,-0.00021476324842617728,0.0002665370367397091
,,0.0,0.0051174163818359375,5.996879583992844,-0.4539328473707128,5.4774656946307894e-05,-0.00021549900352226654,-0.00031452083401801946
,,1.0,0.007676124572753906,5.996879583992844,-0.4539328473707128,5.4774656946307894e-05,-0.00021549900352226654,-0.00031452083401801946
,,2.0,0.013153791427612305,5.996879583992844,-0.4539328473707128,5.4774656946307894e-05,-0.00021549900352226654,-0.00031452083401801946
,,10.0,0.018189668655395508,5.99824904724564,-0.4539328473707128,5.4774656946307894e-05,-0.00021549900352226654,-0.00031452083401801946
,,11.0,0.02307438850402832,5.996879583992844,-0.4539328473707128,5.4774656946307894e-05,-0.00021549900352226654,-0.00031452083401801946
,,12.0,0.028746843338012695,5.995510745922998,-0.4474485811123297,5.401374782983939e-05,-0.00021617816207250275,-0.0010804607545624044
,,23.0,0.03373098373413086,5.995510745922998,-0.4474485811123297,5.401374782983939e-05,-0.00021617816207250275,-0.0010804607545624044
,,23.0,0.0375823974609375,5.995510745922998,-0.4474485811123297,5.401374782983939e-05,-0.00021617816207250275,-0.0010804607545624044
,,25.0,0.042478084564208984,5.996879583992844,-0.4474485811123297,5.401374782983939e-05,-0.00021617816207250275,-0.0010804607545624044
,,35.0,0.04845237731933594,5.99824904724564,-0.4474485811123297,5.401374782983939e-05,-0.00021617816207250275,-0.0010804607545624044
,,36.0,0.052079200744628906,5.995510745922998,-0.4474485811123297,5.401374782983939e-05,-0.00021617816207250275,-0.0010804607545624044
,,39.0,0.05602145195007324,5.996879583992844,-0.4474485811123297,5.401374782983939e-05,-0.00021617816207250275,-0.0010804607545624044
,,56.0,0.06234145164489746,5.9914079785329974,-0.44961000319845734,5.388797772794369e-05,-0.00021680072407688565,0.0002684235882681252
,,60.0,0.0663151741027832,5.996879583992844,-0.44961000319845734,5.388797772794369e-05,-0.00021680072407688565,0.0002684235882681252
,,71.0,0.06867074966430664,5.996879583992844,-0.44961000319845734,5.388797772794369e-05,-0.00021680072407688565,0.0002684235882681252
,,72.0,0.07346248626708984,5.995510745922998,-0.44961000319845734,5.388797772794369e-05,-0.00021680072407688565,0.0002684235882681252
,,73.0,0.0784146785736084,5.99824904724564,-0.44961000319845734,5.388797772794369e-05,-0.00021680072407688565,0.0002684235882681252
,,87.0,0.08320808410644531,5.996879583992844,-0.44854825199825565,5.3755919120953164e-05,-0.0002172283424233311,-0.0004729911624064775
,,98.0,0.08520674705505371,6.00236119238772,-0.4522264615132431,5.2976144489200385e-05,-0.00021744844010164845,0.0003778435769173582
,,99.0,0.08720541000366211,5.9914079785329974,-0.4522264615132431,5.2976144489200385e-05,-0.00021744844010164845,0.0003778435769173582
,,99.0,0.09175348281860352,5.9914079785329974,-0.4522264615132431,5.2976144489200385e-05,-0.00021744844010164845,0.0003778435769173582
,,100.0,0.0964357852935791,6.005105756261695,-0.4522264615132431,5.2976144489200385e-05,-0.00021744844010164845,0.0003778435769173582
,,111.0,0.10139751434326172,5.995510745922998,-0.4522264615132431,5.2976144489200385e-05,-0.00021744844010164845,0.0003778435769173582
,,120.0,0.10642504692077637,5.99824904724564,-0.4489274488554697,5.2963567479011076e-05,-0.00021749245963731195,-0.00020698739689734903
,,126.0,0.11091852188110352,5.990041636918736,-0.4489274488554697,5.2963567479011076e-05,-0.00021749245963731195,-0.00020698739689734903
,,131.0,0.11589407920837402,5.996879583992844,-0.4489274488554697,5.2963567479011076e-05,-0.00021749245963731195,-0.00020698739689734903
,,132.0,0.12086963653564453,5.995510745922998,-0.4489274488554697,5.2963567479011076e-05,-0.00021749245963731195,-0.00020698739689734903
,,137.0,0.12583160400390625,5.99824904724564,-0.4489274488554697,5.2963567479011076e-05,-0.00021749245963731195,-0.00020698739689734903
,,140.0,0.13092327117919922,5.99824904724564,-0.45184726465602887,5.218379284725829e-05,-0.0002188696422530686,-0.00024094532440902536
,,146.0,0.1358928680419922,5.996879583992844,-0.45184726465602887,5.218379284725829e-05,-0.0002188696422530686,-0.00024094532440902536
,,158.0,0.14032363891601562,5.996879583992844,-0.45184726465602887,5.218379284725829e-05,-0.0002188696422530686,-0.00024094532440902536
,,159.0,0.14529633522033691,5.995510745922998,-0.45184726465602887,5.218379284725829e-05,-0.0002188696422530686,-0.00024094532440902536
,,159.0,0.1501166820526123,5.995510745922998,-0.45184726465602887,5.218379284725829e-05,-0.0002188696422530686,-0.00024094532440902536
,,166.0,0.15492796897888184,5.996879583992844,-0.4523402205704075,5.1756174500813136e-05,-0.0002192846835893243,8.16549869530725e-05
,,175.0,0.1598219871520996,5.996879583992844,-0.4523402205704075,5.1756174500813136e-05,-0.0002192846835893243,8.16549869530725e-05
,,189.0,0.1648421287536621,5.995510745922998,-0.45218854182752255,5.113990100152481e-05,-0.0002202594018790151,-0.0005786380479988252
,,191.0,0.17002367973327637,5.994142532608092,-0.45218854182752255,5.113990100152481e-05,-0.0002202594018790151,-0.0005786380479988252
,,192.0,0.17504072189331055,5.99824904724564,-0.45218854182752255,5.113990100152481e-05,-0.0002202594018790151,-0.0005786380479988252
,,193.0,0.17958283424377441,6.003733160660265,-0.45218854182752255,5.113990100152481e-05,-0.0002202594018790151,-0.0005786380479988252
,,211.0,0.1834876537322998,5.995510745922998,-0.45207478277035684,5.1083304455671556e-05,-0.00022075619378150293,-0.0006371211453802839
,,217.0,0.18842005729675293,5.995510745922998,-0.45207478277035684,5.1083304455671556e-05,-0.00022075619378150293,-0.0006371211453802839
,,220.0,0.19340848922729492,5.996879583992844,-0.45207478277035684,5.1083304455671556e-05,-0.00022075619378150293,-0.0006371211453802839
,,225.0,0.19834113121032715,5.996879583992844,-0.45207478277035684,5.1083304455671556e-05,-0.00022075619378150293,-0.0006371211453802839
,,225.0,0.20299458503723145,5.996879583992844,-0.45207478277035684,5.1083304455671556e-05,-0.00022075619378150293,-0.0006371211453802839
,,225.0,0.20764803886413574,5.996879583992844,-0.45207478277035684,5.1083304455671556e-05,-0.00022075619378150293,-0.0006371211453802839
,,226.0,0.2124950885772705,5.99824904724564,-0.45207478277035684,5.1083304455671556e-05,-0.00022075619378150293,-0.0006371211453802839
,,237.0,0.2175290584564209,5.996879583992844,-0.45385700799926987,5.0926091828302097e-05,-0.00022171833506100429,-0.0004163946165534949
,,247.0,0.2222456932067871,5.996879583992844,-0.45385700799926987,5.0926091828302097e-05,-0.00022171833506100429,-0.0004163946165534949
,,258.0,0.22734451293945312,5.995510745922998,-0.4457042755691399,5.051733899714139e-05,-0.0002220642028412171,0.0003438856494054754
,,261.0,0.23177719116210938,5.996879583992844,-0.4457042755691399,5.051733899714139e-05,-0.0002220642028412171,0.0003438856494054754
,,263.0,0.236802339553833,5.99824904724564,-0.4457042755691399,5.051733899714139e-05,-0.0002220642028412171,0.0003438856494054754
,,275.0,0.24210309982299805,5.995510745922998,-0.4457042755691399,5.051733899714139e-05,-0.0002220642028412171,0.0003438856494054754
,,291.0,0.24538302421569824,5.996879583992844,-0.4552979560566881,4.972498735519903e-05,-0.00022275593840164314,-0.0007503142370863757
,,292.0,0.24866294860839844,5.996879583992844,-0.4552979560566881,4.972498735519903e-05,-0.00022275593840164314,-0.0007503142370863757
,,307.0,0.2539823055267334,5.996879583992844,-0.44961000319845773,4.9548909212544995e-05,-0.00022353571303339583,-0.00021264705148263063
,,308.0,0.25930166244506836,5.99824904724564,-0.44961000319845773,4.9548909212544995e-05,-0.00022353571303339583,-0.00021264705148263063
,,309.0,0.26390838623046875,5.995510745922998,-0.44961000319845773,4.9548909212544995e-05,-0.00022353571303339583,-0.00021264705148263063
,,326.0,0.26890134811401367,5.995510745922998,-0.4545395623422567,4.883201963174017e-05,-0.00022380611875247132,-0.0006465539030223843
,,338.0,0.2739288806915283,5.996879583992844,-0.4545395623422567,4.883201963174017e-05,-0.00022380611875247132,-0.0006465539030223843
,,341.0,0.2742946147918701,5.996879583992844,-0.4545395623422567,4.883201963174017e-05,-0.00022380611875247132,-0.0006465539030223843
,,349.0,0.2743256092071533,5.995510745922998,-0.4545395623422567,4.883201963174017e-05,-0.00022380611875247132,-0.0006465539030223843
,,379.0,0.2785935401916504,5.995510745922998,-0.4471831433122829,4.902067478458352e-05,-0.0002245921818893187,0.0005966835542157112
,,383.0,0.28357529640197754,5.995510745922998,-0.4471831433122829,4.902067478458352e-05,-0.0002245921818893187,0.0005966835542157112
,,394.0,0.28572988510131836,5.996879583992844,-0.4471831433122829,4.902067478458352e-05,-0.0002245921818893187,0.0005966835542157112
,,395.0,0.29053592681884766,5.99824904724564,-0.4471831433122829,4.902067478458352e-05,-0.0002245921818893187,0.0005966835542157112
,,405.0,0.2955963611602783,5.996879583992844,-0.4502167181700033,4.882573112664553e-05,-0.00022369292566076508,0.00010806670835117771
,,417.0,0.295626163482666,5.996879583992844,-0.4502167181700033,4.882573112664553e-05,-0.00022369292566076508,0.00010806670835117771
,,422.0,0.3001830577850342,5.999619136109789,-0.4502167181700033,4.882573112664553e-05,-0.00022369292566076508,0.00010806670835117771
,,426.0,0.304532527923584,5.996879583992844,-0.4502167181700033,4.882573112664553e-05,-0.00022369292566076508,0.00010806670835117771
,,433.0,0.30720067024230957,5.996879583992844,-0.4502167181700033,4.882573112664553e-05,-0.00022369292566076508,0.00010806670835117771
,,436.0,0.3125457763671875,5.995510745922998,-0.4502167181700033,4.882573112664553e-05,-0.00022369292566076508,0.00010806670835117771
,,438.0,0.315349817276001,5.996879583992844,-0.4502167181700033,4.882573112664553e-05,-0.00022369292566076508,0.00010806670835117771
,,440.0,0.3215217590332031,5.999619136109789,-0.4502167181700033,4.882573112664553e-05,-0.00022369292566076508,0.00010806670835117771
,,443.0,0.3269474506378174,5.996879583992844,-0.4502167181700033,4.882573112664553e-05,-0.00022369292566076508,0.00010806670835117771
,,451.0,0.330951452255249,5.995510745922998,-0.4502167181700033,4.882573112664553e-05,-0.00022369292566076508,0.00010806670835117771
,,452.0,0.33594250679016113,5.996879583992844,-0.45234022057040807,4.8586767933043705e-05,-0.0002240702359664521,-0.0005088356414468498
,,457.0,0.3381381034851074,6.000989851014086,-0.45234022057040807,4.8586767933043705e-05,-0.0002240702359664521,-0.0005088356414468498
,,464.0,0.33817291259765625,5.995510745922998,-0.45234022057040807,4.8586767933043705e-05,-0.0002240702359664521,-0.0005088356414468498
,,465.0,0.3430197238922119,5.996879583992844,-0.45234022057040807,4.8586767933043705e-05,-0.0002240702359664521,-0.0005088356414468498
,,472.0,0.34711265563964844,5.996879583992844,-0.45234022057040807,4.8586767933043705e-05,-0.0002240702359664521,-0.0005088356414468498
,,478.0,0.35219836235046387,5.995510745922998,-0.45234022057040807,4.8586767933043705e-05,-0.0002240702359664521,-0.0005088356414468498
,,482.0,0.3536355495452881,5.996879583992844,-0.45234022057040807,4.8586767933043705e-05,-0.0002240702359664521,-0.0005088356414468498
,,482.0,0.3550727367401123,5.996879583992844,-0.45234022057040807,4.8586767933043705e-05,-0.0002240702359664521,-0.0005088356414468498
,,488.0,0.35509634017944336,5.996879583992844,-0.45234022057040807,4.8586767933043705e-05,-0.0002240702359664521,-0.0005088356414468498
,,489.0,0.3585362434387207,5.996879583992844,-0.45234022057040807,4.8586767933043705e-05,-0.0002240702359664521,-0.0005088356414468498
,,502.0,0.36211371421813965,5.99824904724564,-0.45234022057040807,4.8586767933043705e-05,-0.0002240702359664521,-0.0005088356414468498
,,512.0,0.3662731647491455,5.995510745922998,-0.45234022057040807,4.8586767933043705e-05,-0.0002240702359664521,-0.0005088356414468498
,,515.0,0.3688795566558838,5.99824904724564,-0.45234022057040807,4.8586767933043705e-05,-0.0002240702359664521,-0.0005088356414468498
,,517.0,0.37148594856262207,5.99824904724564,-0.45234022057040807,4.8586767933043705e-05,-0.0002240702359664521,-0.0005088356414468498
,,529.0,0.3770430088043213,5.995510745922998,-0.45177142528458514,4.914015638138442e-05,-0.00022413312101740007,-0.0003937559982122885
,,542.0,0.37874293327331543,5.996879583992844,-0.45177142528458514,4.914015638138442e-05,-0.00022413312101740007,-0.0003937559982122885
,,546.0,0.3787801265716553,5.99824904724564,-0.45177142528458514,4.914015638138442e-05,-0.00022413312101740007,-0.0003937559982122885
,,556.0,0.38440704345703125,5.996879583992844,-0.45177142528458514,4.914015638138442e-05,-0.00022413312101740007,-0.0003937559982122885
,,561.0,0.3889482021331787,6.00236119238772,-0.45177142528458514,4.914015638138442e-05,-0.00022413312101740007,-0.0003937559982122885
,,562.0,0.39413928985595703,5.995510745922998,-0.45177142528458514,4.914015638138442e-05,-0.00022413312101740007,-0.0003937559982122885
,,565.0,0.39891862869262695,6.000989851014086,-0.45177142528458514,4.914015638138442e-05,-0.00022413312101740007,-0.0003937559982122885
,,570.0,0.40248584747314453,5.995510745922998,-0.45177142528458514,4.914015638138442e-05,-0.00022413312101740007,-0.0003937559982122885
,,576.0,0.405040979385376,5.995510745922998,-0.4507475937701047,4.8989232259109584e-05,-0.00022327159581941487,-0.00035225186458671454
,,576.0,0.40815114974975586,5.995510745922998,-0.4507475937701047,4.8989232259109584e-05,-0.00022327159581941487,-0.00035225186458671454
,,577.0,0.41126132011413574,5.99824904724564,-0.4507475937701047,4.8989232259109584e-05,-0.00022327159581941487,-0.00035225186458671454
,,581.0,0.4148683547973633,5.996879583992844,-0.4507475937701047,4.8989232259109584e-05,-0.00022327159581941487,-0.00035225186458671454
,,587.0,0.41873812675476074,6.00236119238772,-0.4507475937701047,4.8989232259109584e-05,-0.00022327159581941487,-0.00035225186458671454
,,587.0,0.4226078987121582,6.00236119238772,-0.4507475937701047,4.8989232259109584e-05,-0.00022327159581941487,-0.00035225186458671454
,,597.0,0.4275839328765869,5.996879583992844,-0.4507475937701047,4.8989232259109584e-05,-0.00022327159581941487,-0.00035225186458671454
,,604.0,0.4297218322753906,5.996879583992844,-0.4507475937701047,4.8989232259109584e-05,-0.00022327159581941487,-0.00035225186458671454
,,613.0,0.4324319362640381,5.996879583992844,-0.4507475937701047,4.8989232259109584e-05,-0.00022327159581941487,-0.00035225186458671454
,,625.0,0.4324815273284912,5.995510745922998,-0.4504821559700516,4.9033251794773043e-05,-0.00022356715555887002,-0.000425827374195602
,,626.0,0.4366421699523926,5.995510745922998,-0.4504821559700516,4.9033251794773043e-05,-0.00022356715555887002,-0.000425827374195602
,,635.0,0.4379405975341797,5.990041636918736,-0.4504821559700516,4.9033251794773043e-05,-0.00022356715555887002,-0.000425827374195602
,,637.0,0.44263482093811035,5.995510745922998,-0.4504821559700516,4.9033251794773043e-05,-0.00022356715555887002,-0.000425827374195602
,,637.0,0.4481320381164551,5.995510745922998,-0.4504821559700516,4.9033251794773043e-05,-0.00022356715555887002,-0.000425827374195602
,,648.0,0.45291852951049805,5.996879583992844,-0.4504821559700516,4.9033251794773043e-05,-0.00022356715555887002,-0.000425827374195602
,,650.0,0.4578745365142822,5.996879583992844,-0.4504821559700516,4.9033251794773043e-05,-0.00022356715555887002,-0.000425827374195602
,,651.0,0.46268486976623535,5.994142532608092,-0.4504821559700516,4.9033251794773043e-05,-0.00022356715555887002,-0.000425827374195602
,,651.0,0.4674952030181885,5.994142532608092,-0.4504821559700516,4.9033251794773043e-05,-0.00022356715555887002,-0.000425827374195602
,,664.0,0.47126340866088867,5.996879583992844,-0.4504821559700516,4.9033251794773043e-05,-0.00022356715555887002,-0.000425827374195602
,,665.0,0.47622251510620117,5.996879583992844,-0.4504821559700516,4.9033251794773043e-05,-0.00022356715555887002,-0.000425827374195602
,,670.0,0.48116064071655273,5.996879583992844,-0.45226438119896545,4.913386787628955e-05,-0.00022248553268256748,-0.0002843360095630887
,,677.0,0.4865987300872803,5.9914079785329974,-0.45226438119896545,4.913386787628955e-05,-0.00022248553268256748,-0.0002843360095630887
,,683.0,0.49112844467163086,5.996879583992844,-0.45226438119896545,4.913386787628955e-05,-0.00022248553268256748,-0.0002843360095630887
,,683.0,0.49565815925598145,5.996879583992844,-0.45226438119896545,4.913386787628955e-05,-0.00022248553268256748,-0.0002843360095630887
,,688.0,0.5003015995025635,5.996879583992844,-0.45226438119896545,4.913386787628955e-05,-0.00022248553268256748,-0.0002843360095630887
,,695.0,0.5045833587646484,5.99824904724564,-0.45226438119896545,4.913386787628955e-05,-0.00022248553268256748,-0.0002843360095630887
,,702.0,0.5055007934570312,5.996879583992844,-0.45226438119896545,4.913386787628955e-05,-0.00022248553268256748,-0.0002843360095630887
,,704.0,0.5113406181335449,5.994142532608092,-0.45226438119896545,4.913386787628955e-05,-0.00022248553268256748,-0.0002843360095630887
,,710.0,0.5159816741943359,5.995510745922998,-0.45226438119896545,4.913386787628955e-05,-0.00022248553268256748,-0.0002843360095630887
,,719.0,0.5181915760040283,5.996879583992844,-0.45226438119896545,4.913386787628955e-05,-0.00022248553268256748,-0.0002843360095630887
,,719.0,0.5228397846221924,5.996879583992844,-0.45226438119896545,4.913386787628955e-05,-0.00022248553268256748,-0.0002843360095630887
,,720.0,0.5274879932403564,5.996879583992844,-0.45226438119896545,4.913386787628955e-05,-0.00022248553268256748,-0.0002843360095630887
,,725.0,0.5322549343109131,5.99824904724564,-0.45226438119896545,4.913386787628955e-05,-0.00022248553268256748,-0.0002843360095630887
,,736.0,0.5354354381561279,5.996879583992844,-0.4512784693702062,4.948602416159709e-05,-0.00022234089706538756,-0.0008465283650365029
,,745.0,0.540363073348999,5.996879583992844,-0.4512784693702062,4.948602416159709e-05,-0.00022234089706538756,-0.0008465283650365029
,,753.0,0.545541524887085,5.996879583992844,-0.4512784693702062,4.948602416159709e-05,-0.00022234089706538756,-0.0008465283650365029
,,753.0,0.5496995449066162,5.996879583992844,-0.4512784693702062,4.948602416159709e-05,-0.00022234089706538756,-0.0008465283650365029
,,759.0,0.55289626121521,5.995510745922998,-0.4512784693702062,4.948602416159709e-05,-0.00022234089706538756,-0.0008465283650365029
,,759.0,0.5571560859680176,5.995510745922998,-0.4512784693702062,4.948602416159709e-05,-0.00022234089706538756,-0.0008465283650365029
,,765.0,0.5596659183502197,5.99824904724564,-0.4512784693702062,4.948602416159709e-05,-0.00022234089706538756,-0.0008465283650365029
,,770.0,0.5686464309692383,5.99824904724564,-0.45025463785572417,4.8926347208161885e-05,-0.00022275593840164314,0.00040991495290076507
,,772.0,0.5719046592712402,5.996879583992844,-0.45025463785572417,4.8926347208161885e-05,-0.00022275593840164314,0.00040991495290076507
,,773.0,0.5766220092773438,5.995510745922998,-0.45025463785572417,4.8926347208161885e-05,-0.00022275593840164314,0.00040991495290076507
,,778.0,0.5766770839691162,5.996879583992844,-0.45025463785572417,4.8926347208161885e-05,-0.00022275593840164314,0.00040991495290076507
,,780.0,0.5809619426727295,5.99824904724564,-0.45025463785572417,4.8926347208161885e-05,-0.00022275593840164314,0.00040991495290076507
,,785.0,0.5855906009674072,5.996879583992844,-0.45025463785572417,4.8926347208161885e-05,-0.00022275593840164314,0.00040991495290076507
,,787.0,0.588569164276123,5.996879583992844,-0.45025463785572417,4.8926347208161885e-05,-0.00022275593840164314,0.00040991495290076507
,,792.0,0.5914697647094727,5.996879583992844,-0.45025463785572417,4.8926347208161885e-05,-0.00022275593840164314,0.00040991495290076507
,,795.0,0.5964334011077881,5.996879583992844,-0.45025463785572417,4.8926347208161885e-05,-0.00022275593840164314,0.00040991495290076507
,,801.0,0.5987222194671631,5.995510745922998,-0.45025463785572417,4.8926347208161885e-05,-0.00022275593840164314,0.00040991495290076507
,,802.0,0.6035754680633545,6.003733160660265,-0.45025463785572417,4.8926347208161885e-05,-0.00022275593840164314,0.00040991495290076507
,,813.0,0.608539342880249,6.000989851014086,-0.45025463785572417,4.8926347208161885e-05,-0.00022275593840164314,0.00040991495290076507
,,816.0,0.6098244190216064,5.996879583992844,-0.45025463785572417,4.8926347208161885e-05,-0.00022275593840164314,0.00040991495290076507
,,817.0,0.616016149520874,5.996879583992844,-0.45025463785572417,4.8926347208161885e-05,-0.00022275593840164314,0.00040991495290076507
,,828.0,0.6188662052154541,5.995510745922998,-0.45025463785572417,4.8926347208161885e-05,-0.00022275593840164314,0.00040991495290076507
,,841.0,0.6228032112121582,5.995510745922998,-0.45025463785572417,4.8926347208161885e-05,-0.00022275593840164314,0.00040991495290076507
,,845.0,0.623542070388794,5.995510745922998,-0.44869993074114206,4.913386787628959e-05,-0.0002221459534074495,1.562568345796933e-05
,,853.0,0.6288068294525146,6.00236119238772,-0.44869993074114206,4.913386787628959e-05,-0.0002221459534074495,1.562568345796933e-05
,,869.0,0.6292121410369873,5.995510745922998,-0.44869993074114206,4.913386787628959e-05,-0.0002221459534074495,1.562568345796933e-05
,,873.0,0.6328356266021729,5.996879583992844,-0.44869993074114206,4.913386787628959e-05,-0.0002221459534074495,1.562568345796933e-05
,,882.0,0.6348140239715576,5.996879583992844,-0.44869993074114206,4.913386787628959e-05,-0.0002221459534074495,1.562568345796933e-05
,,883.0,0.6400868892669678,5.996879583992844,-0.44869993074114206,4.913386787628959e-05,-0.0002221459534074495,1.562568345796933e-05
,,896.0,0.6403429508209229,5.996879583992844,-0.44869993074114206,4.913386787628959e-05,-0.0002221459534074495,1.562568345796933e-05
,,896.0,0.644899845123291,5.996879583992844,-0.44869993074114206,4.913386787628959e-05,-0.0002221459534074495,1.562568345796933e-05
,,905.0,0.6507220268249512,5.995510745922998,-0.44869993074114206,4.913386787628959e-05,-0.0002221459534074495,1.562568345796933e-05
,,911.0,0.6518814563751221,5.996879583992844,-0.44869993074114206,4.913386787628959e-05,-0.0002221459534074495,1.562568345796933e-05
,,912.0,0.6566402912139893,5.995510745922998,-0.44869993074114206,4.913386787628959e-05,-0.0002221459534074495,1.562568345796933e-05
,,913.0,0.661332368850708,5.996879583992844,-0.44869993074114206,4.913386787628959e-05,-0.0002221459534074495,1.562568345796933e-05
,,924.0,0.6617331504821777,5.99824904724564,-0.44869993074114206,4.913386787628959e-05,-0.0002221459534074495,1.562568345796933e-05
,,925.0,0.6668941974639893,5.996879583992844,-0.44869993074114206,4.913386787628959e-05,-0.0002221459534074495,1.562568345796933e-05
,,936.0,0.6710419654846191,5.996879583992844,-0.44869993074114206,4.913386787628959e-05,-0.0002221459534074495,1.562568345796933e-05
,,941.0,0.6710779666900635,5.995510745922998,-0.4502167181700021,5.033497234939275e-05,-0.00022042919151657437,-0.0007880452676549909
,,946.0,0.6758468151092529,5.996879583992844,-0.4502167181700021,5.033497234939275e-05,-0.00022042919151657437,-0.0007880452676549909
,,948.0,0.677731990814209,5.99824904724564,-0.4502167181700021,5.033497234939275e-05,-0.00022042919151657437,-0.0007880452676549909
,,958.0,0.6800882816314697,5.99824904724564,-0.4502167181700021,5.033497234939275e-05,-0.00022042919151657437,-0.0007880452676549909
,,959.0,0.685894250869751,5.995510745922998,-0.4502167181700021,5.033497234939275e-05,-0.00022042919151657437,-0.0007880452676549909
,,972.0,0.6885879039764404,5.99824904724564,-0.4502167181700021,5.033497234939275e-05,-0.00022042919151657437,-0.0007880452676549909
,,977.0,0.6953654289245605,5.99824904724564,-0.4502167181700021,5.033497234939275e-05,-0.00022042919151657437,-0.0007880452676549909
,,978.0,0.6982755661010742,6.003733160660265,-0.4502167181700021,5.033497234939275e-05,-0.00022042919151657437,-0.0007880452676549909
,,979.0,0.7024078369140625,5.995510745922998,-0.4502167181700021,5.033497234939275e-05,-0.00022042919151657437,-0.0007880452676549909
,,979.0,0.7069966793060303,5.995510745922998,-0.4502167181700021,5.033497234939275e-05,-0.00022042919151657437,-0.0007880452676549909
,,985.0,0.7116999626159668,5.996879583992844,-0.4502167181700021,5.033497234939275e-05,-0.00022042919151657437,-0.0007880452676549909
,,992.0,0.7147262096405029,5.995510745922998,-0.4502167181700021,5.033497234939275e-05,-0.00022042919151657437,-0.0007880452676549909
,,992.0,0.7197260856628418,5.995510745922998,-0.4502167181700021,5.033497234939275e-05,-0.00022042919151657437,-0.0007880452676549909
,,1000.0,0.7242262363433838,5.996879583992844,-0.4502167181700021,5.033497234939275e-05,-0.00022042919151657437,-0.0007880452676549909
,,1012.0,0.7291469573974609,5.996879583992844,-0.4502167181700021,5.033497234939275e-05,-0.00022042919151657437,-0.0007880452676549909
,,1022.0,0.7335047721862793,5.996879583992844,-0.4502167181700021,5.033497234939275e-05,-0.00022042919151657437,-0.0007880452676549909
,,1022.0,0.737889289855957,5.996879583992844,-0.4502167181700021,5.033497234939275e-05,-0.00022042919151657437,-0.0007880452676549909
,,1029.0,0.7421762943267822,5.996879583992844,-0.4515439071702569,5.175617450081291e-05,-0.00021976260997652768,-0.00040130220432601284
,,1036.0,0.7466261386871338,5.996879583992844,-0.4515439071702569,5.175617450081291e-05,-0.00021976260997652768,-0.00040130220432601284
,,1038.0,0.7515172958374023,5.994142532608092,-0.4515439071702569,5.175617450081291e-05,-0.00021976260997652768,-0.00040130220432601284
,,1043.0,0.7547335624694824,5.995510745922998,-0.4515439071702569,5.175617450081291e-05,-0.00021976260997652768,-0.00040130220432601284
,,1049.0,0.7597334384918213,5.996879583992844,-0.4515439071702569,5.175617450081291e-05,-0.00021976260997652768,-0.00040130220432601284
,,1050.0,0.7647333145141602,5.996879583992844,-0.4515439071702569,5.175617450081291e-05,-0.00021976260997652768,-0.00040130220432601284
,,1057.0,0.7678439617156982,5.996879583992844,-0.4515439071702569,5.175617450081291e-05,-0.00021976260997652768,-0.00040130220432601284
,,1058.0,0.7709546089172363,5.996879583992844,-0.4515439071702569,5.175617450081291e-05,-0.00021976260997652768,-0.00040130220432601284
,,1064.0,0.7738504409790039,5.995510745922998,-0.4515439071702569,5.175617450081291e-05,-0.00021976260997652768,-0.00040130220432601284
,,1064.0,0.7779834270477295,5.995510745922998,-0.4515439071702569,5.175617450081291e-05,-0.00021976260997652768,-0.00040130220432601284
,,1075.0,0.7841796875,5.995510745922998,-0.4515439071702569,5.175617450081291e-05,-0.00021976260997652768,-0.00040130220432601284
,,1083.0,0.7869958877563477,5.996879583992844,-0.4515439071702569,5.175617450081291e-05,-0.00021976260997652768,-0.00040130220432601284
,,1090.0,0.790334939956665,5.996879583992844,-0.44995128036995263,5.1951118158751356e-05,-0.000218096156126411,0.0001986211817160366
,,1092.0,0.7956011295318604,5.996879583992844,-0.44995128036995263,5.1951118158751356e-05,-0.000218096156126411,0.0001986211817160366
,,1099.0,0.7995119094848633,5.99824904724564,-0.44995128036995263,5.1951118158751356e-05,-0.000218096156126411,0.0001986211817160366
,,1099.0,0.8034226894378662,5.99824904724564,-0.44995128036995263,5.1951118158751356e-05,-0.000218096156126411,0.0001986211817160366
,,1101.0,0.8077192306518555,5.996879583992844,-0.44995128036995263,5.1951118158751356e-05,-0.000218096156126411,0.0001986211817160366
,,1105.0,0.8106684684753418,5.996879583992844,-0.44995128036995263,5.1951118158751356e-05,-0.000218096156126411,0.0001986211817160366
,,1108.0,0.8143048286437988,5.99824904724564,-0.44995128036995263,5.1951118158751356e-05,-0.000218096156126411,0.0001986211817160366
,,1121.0,0.818955659866333,5.99824904724564,-0.44995128036995263,5.1951118158751356e-05,-0.000218096156126411,0.0001986211817160366
,,1122.0,0.8235790729522705,5.996879583992844,-0.44995128036995263,5.1951118158751356e-05,-0.000218096156126411,0.0001986211817160366
,,1123.0,0.828202486038208,6.003733160660265,-0.44995128036995263,5.1951118158751356e-05,-0.000218096156126411,0.0001986211817160366
,,1125.0,0.829226016998291,5.996879583992844,-0.44995128036995263,5.1951118158751356e-05,-0.000218096156126411,0.0001986211817160366
,,1131.0,0.8323659896850586,5.99824904724564,-0.44995128036995263,5.1951118158751356e-05,-0.000218096156126411,0.0001986211817160366
,,1133.0,0.8373570442199707,5.996879583992844,-0.44995128036995263,5.1951118158751356e-05,-0.000218096156126411,0.0001986211817160366
,,1139.0,0.842132568359375,5.995510745922998,-0.45408452611359923,5.219636985744782e-05,-0.00021863696756456184,-0.0004975163322762199
,,1140.0,0.8469080924987793,5.999619136109789,-0.45408452611359923,5.219636985744782e-05,-0.00021863696756456184,-0.0004975163322762199
,,1140.0,0.8516836166381836,5.999619136109789,-0.45408452611359923,5.219636985744782e-05,-0.00021863696756456184,-0.0004975163322762199
,,1141.0,0.8573369979858398,5.996879583992844,-0.45408452611359923,5.219636985744782e-05,-0.00021863696756456184,-0.0004975163322762199
,,1144.0,0.8623223304748535,5.988675918351267,-0.45408452611359923,5.219636985744782e-05,-0.00021863696756456184,-0.0004975163322762199
,,1149.0,0.8666231632232666,5.995510745922998,-0.45408452611359923,5.219636985744782e-05,-0.00021863696756456184,-0.0004975163322762199
,,1154.0,0.8690412044525146,5.996879583992844,-0.45408452611359923,5.219636985744782e-05,-0.00021863696756456184,-0.0004975163322762199
,,1155.0,0.8721246719360352,5.996879583992844,-0.45408452611359923,5.219636985744782e-05,-0.00021863696756456184,-0.0004975163322762199
,,1155.0,0.8752081394195557,5.996879583992844,-0.45408452611359923,5.219636985744782e-05,-0.00021863696756456184,-0.0004975163322762199
,,1157.0,0.8802909851074219,5.996879583992844,-0.45408452611359923,5.219636985744782e-05,-0.00021863696756456184,-0.0004975163322762199
,,1160.0,0.8854148387908936,5.99824904724564,-0.45408452611359923,5.219636985744782e-05,-0.00021863696756456184,-0.0004975163322762199
,,1172.0,0.8907785415649414,6.003733160660265,-0.45408452611359923,5.219636985744782e-05,-0.00021863696756456184,-0.0004975163322762199
,,1186.0,0.8942372798919678,5.996879583992844,-0.4504442362843327,5.203915723007828e-05,-0.00021847346643209768,-0.0006842849335911327
,,1187.0,0.8982927799224854,5.995510745922998,-0.4504442362843327,5.203915723007828e-05,-0.00021847346643209768,-0.0006842849335911327
,,1194.0,0.9032814502716064,5.996879583992844,-0.4504442362843327,5.203915723007828e-05,-0.00021847346643209768,-0.0006842849335911327
,,1201.0,0.9082872867584229,5.996879583992844,-0.4504442362843327,5.203915723007828e-05,-0.00021847346643209768,-0.0006842849335911327
,,1202.0,0.9132931232452393,5.995510745922998,-0.4504442362843327,5.203915723007828e-05,-0.00021847346643209768,-0.0006842849335911327
,,1210.0,0.9181489944458008,5.99824904724564,-0.4504442362843327,5.203915723007828e-05,-0.00021847346643209768,-0.0006842849335911327
,,1216.0,0.9229512214660645,5.996879583992844,-0.4504442362843327,5.203915723007828e-05,-0.00021847346643209768,-0.0006842849335911327
,,1217.0,0.9277534484863281,6.003733160660265,-0.4504442362843327,5.203915723007828e-05,-0.00021847346643209768,-0.0006842849335911327
,,1220.0,0.9277777671813965,5.996879583992844,-0.4504442362843327,5.203915723007828e-05,-0.00021847346643209768,-0.0006842849335911327
,,1224.0,0.9297885894775391,5.996879583992844,-0.4504442362843327,5.203915723007828e-05,-0.00021847346643209768,-0.0006842849335911327
,,1229.0,0.9336259365081787,5.99824904724564,-0.4504442362843327,5.203915723007828e-05,-0.00021847346643209768,-0.0006842849335911327
,,1241.0,0.9374356269836426,5.996879583992844,-0.4504442362843327,5.203915723007828e-05,-0.00021847346643209768,-0.0006842849335911327
,,1241.0,0.9412453174591064,5.996879583992844,-0.4504442362843327,5.203915723007828e-05,-0.00021847346643209768,-0.0006842849335911327
,,1243.0,0.9485046863555908,5.99824904724564,-0.4504442362843327,5.203915723007828e-05,-0.00021847346643209768,-0.0006842849335911327
,,1255.0,0.953709602355957,5.996879583992844,-0.4538190883135483,5.221523537273223e-05,-0.00021863696756456205,9.297429612370234e-05
,,1256.0,0.9592559337615967,5.995510745922998,-0.4538190883135483,5.221523537273223e-05,-0.00021863696756456205,9.297429612370234e-05
,,1257.0,0.9640052318572998,5.99824904724564,-0.4538190883135483,5.221523537273223e-05,-0.00021863696756456205,9.297429612370234e-05
,,1263.0,0.9684793949127197,5.996879583992844,-0.4538190883135483,5.221523537273223e-05,-0.00021863696756456205,9.297429612370234e-05
,,1270.0,0.9701550006866455,5.996879583992844,-0.4538190883135483,5.221523537273223e-05,-0.00021863696756456205,9.297429612370234e-05
,,1272.0,0.9750549793243408,5.995510745922998,-0.4538190883135483,5.221523537273223e-05,-0.00021863696756456205,9.297429612370234e-05
,,1284.0,0.9797818660736084,5.996879583992844,-0.4538190883135483,5.221523537273223e-05,-0.00021863696756456205,9.297429612370234e-05
,,1285.0,0.984508752822876,5.996879583992844,-0.4538190883135483,5.221523537273223e-05,-0.00021863696756456205,9.297429612370234e-05
,,1298.0,0.9878101348876953,5.996879583992844,-0.4538190883135483,5.221523537273223e-05,-0.00021863696756456205,9.297429612370234e-05
,,1299.0,0.9940629005432129,5.995510745922998,-0.4538190883135483,5.221523537273223e-05,-0.00021863696756456205,9.297429612370234e-05
,,1301.0,0.998964786529541,5.990041636918736,-0.4538190883135483,5.221523537273223e-05,-0.00021863696756456205,9.297429612370234e-05
,,1312.0,1.002565860748291,5.996879583992844,-0.4540845261135987,5.258625717332435e-05,-0.00021764338375958675,-0.00014850429951582367
,,1313.0,1.006166934967041,5.996879583992844,-0.4540845261135987,5.258625717332435e-05,-0.00021764338375958675,-0.00014850429951582367
,,1321.0,1.0062119960784912,5.99824904724564,-0.4540845261135987,5.258625717332435e-05,-0.00021764338375958675,-0.00014850429951582367
,,1336.0,1.0096189975738525,5.996879583992844,-0.4540845261135987,5.258625717332435e-05,-0.00021764338375958675,-0.00014850429951582367
,,1336.0,1.0130259990692139,5.996879583992844,-0.4540845261135987,5.258625717332435e-05,-0.00021764338375958675,-0.00014850429951582367
,,1340.0,1.0178780555725098,5.996879583992844,-0.4540845261135987,5.258625717332435e-05,-0.00021764338375958675,-0.00014850429951582367
,,1348.0,1.0190484523773193,5.995510745922998,-0.4540845261135987,5.258625717332435e-05,-0.00021764338375958675,-0.00014850429951582367
,,1349.0,1.023972988128662,5.99824904724564,-0.4540845261135987,5.258625717332435e-05,-0.00021764338375958675,-0.00014850429951582367
,,1351.0,1.0289225578308105,5.996879583992844,-0.44380829128306387,5.307676057071711e-05,-0.0002174673056169328,0.00017975566643172236
,,1351.0,1.033872127532959,5.996879583992844,-0.44380829128306387,5.307676057071711e-05,-0.0002174673056169328,0.00017975566643172236
,,1360.0,1.0386340618133545,5.995510745922998,-0.44380829128306387,5.307676057071711e-05,-0.0002174673056169328,0.00017975566643172236
,,1365.0,1.042513132095337,5.996879583992844,-0.44380829128306387,5.307676057071711e-05,-0.0002174673056169328,0.00017975566643172236
,,1366.0,1.0477268695831299,5.995510745922998,-0.44380829128306387,5.307676057071711e-05,-0.0002174673056169328,0.00017975566643172236
,,1373.0,1.047769546508789,5.995510745922998,-0.44380829128306387,5.307676057071711e-05,-0.0002174673056169328,0.00017975566643172236
,,1378.0,1.0509114265441895,5.996879583992844,-0.44380829128306387,5.307676057071711e-05,-0.0002174673056169328,0.00017975566643172236
,,1383.0,1.0509445667266846,6.003733160660265,-0.44380829128306387,5.307676057071711e-05,-0.0002174673056169328,0.00017975566643172236
,,1394.0,1.0558900833129883,5.996879583992844,-0.4497237622556212,5.266800773955658e-05,-0.00021748617113221706,-5.229017156564985e-05
,,1398.0,1.060652732849121,5.995510745922998,-0.4497237622556212,5.266800773955658e-05,-0.00021748617113221706,-5.229017156564985e-05
,,1399.0,1.0659081935882568,5.996879583992844,-0.4497237622556212,5.266800773955658e-05,-0.00021748617113221706,-5.229017156564985e-05
,,1407.0,1.0689799785614014,5.995510745922998,-0.4497237622556212,5.266800773955658e-05,-0.00021748617113221706,-5.229017156564985e-05
,,1408.0,1.0734074115753174,5.99824904724564,-0.4497237622556212,5.266800773955658e-05,-0.00021748617113221706,-5.229017156564985e-05
,,1413.0,1.080277442932129,6.003733160660265,-0.4497237622556212,5.266800773955658e-05,-0.00021748617113221706,-5.229017156564985e-05
,,1420.0,1.082148551940918,5.996879583992844,-0.4497237622556212,5.266800773955658e-05,-0.00021748617113221706,-5.229017156564985e-05
,,1421.0,1.086332082748413,5.996879583992844,-0.4497237622556212,5.266800773955658e-05,-0.00021748617113221706,-5.229017156564985e-05
,,1435.0,1.091547966003418,6.003733160660265,-0.4497237622556212,5.266800773955658e-05,-0.00021748617113221706,-5.229017156564985e-05
,,1436.0,1.0967638492584229,5.994142532608092,-0.4497237622556212,5.266800773955658e-05,-0.00021748617113221706,-5.229017156564985e-05
,,1447.0,1.097780704498291,5.99824904724564,-0.4497237622556212,5.266800773955658e-05,-0.00021748617113221706,-5.229017156564985e-05
,,1448.0,1.1023352146148682,5.996879583992844,-0.4497237622556212,5.266800773955658e-05,-0.00021748617113221706,-5.229017156564985e-05
,,1459.0,1.1073265075683594,5.996879583992844,-0.4497237622556212,5.266800773955658e-05,-0.00021748617113221706,-5.229017156564985e-05
,,1468.0,1.1128554344177246,5.99824904724564,-0.4464626692835714,5.278748933635709e-05,-0.00021695164819916064,-0.0008653938803208038
,,1469.0,1.1128811836242676,5.996879583992844,-0.4464626692835714,5.278748933635709e-05,-0.00021695164819916064,-0.0008653938803208038
,,1470.0,1.1179351806640625,5.996879583992844,-0.4464626692835714,5.278748933635709e-05,-0.00021695164819916064,-0.0008653938803208038
,,1472.0,1.1227214336395264,5.996879583992844,-0.4464626692835714,5.278748933635709e-05,-0.00021695164819916064,-0.0008653938803208038
,,1474.0,1.1275947093963623,5.996879583992844,-0.4464626692835714,5.278748933635709e-05,-0.00021695164819916064,-0.0008653938803208038
,,1483.0,1.1307651996612549,5.996879583992844,-0.4464626692835714,5.278748933635709e-05,-0.00021695164819916064,-0.0008653938803208038
,,1493.0,1.1345365047454834,5.996879583992844,-0.4464626692835714,5.278748933635709e-05,-0.00021695164819916064,-0.0008653938803208038
,,1495.0,1.139378309249878,5.996879583992844,-0.4464626692835714,5.278748933635709e-05,-0.00021695164819916064,-0.0008653938803208038
,,1505.0,1.144252061843872,5.996879583992844,-0.4464626692835714,5.278748933635709e-05,-0.00021695164819916064,-0.0008653938803208038
,,1505.0,1.1491258144378662,5.996879583992844,-0.4464626692835714,5.278748933635709e-05,-0.00021695164819916064,-0.0008653938803208038
,,1509.0,1.1540300846099854,5.996879583992844,-0.4464626692835714,5.278748933635709e-05,-0.00021695164819916064,-0.0008653938803208038
,,1514.0,1.1589429378509521,5.995510745922998,-0.4464626692835714,5.278748933635709e-05,-0.00021695164819916064,-0.0008653938803208038
,,1520.0,1.1639587879180908,5.99824904724564,-0.4578006553143101,5.315851113694921e-05,-0.00021647372181195755,-0.0007767259584844478
,,1520.0,1.1689746379852295,5.99824904724564,-0.4578006553143101,5.315851113694921e-05,-0.00021647372181195755,-0.0007767259584844478
,,1527.0,1.1737446784973145,5.996879583992844,-0.4578006553143101,5.315851113694921e-05,-0.00021647372181195755,-0.0007767259584844478
,,1530.0,1.1764824390411377,5.999619136109789,-0.4578006553143101,5.315851113694921e-05,-0.00021647372181195755,-0.0007767259584844478
,,1532.0,1.1804039478302002,5.995510745922998,-0.4578006553143101,5.315851113694921e-05,-0.00021647372181195755,-0.0007767259584844478
,,1547.0,1.1833741664886475,5.996879583992844,-0.4578006553143101,5.315851113694921e-05,-0.00021647372181195755,-0.0007767259584844478
,,1549.0,1.1882269382476807,5.996879583992844,-0.4578006553143101,5.315851113694921e-05,-0.00021647372181195755,-0.0007767259584844478
,,1557.0,1.188236951828003,5.99824904724564,-0.4578006553143101,5.315851113694921e-05,-0.00021647372181195755,-0.0007767259584844478
,,1562.0,1.1900873184204102,5.994142532608092,-0.4578006553143101,5.315851113694921e-05,-0.00021647372181195755,-0.0007767259584844478
,,1569.0,1.194734811782837,5.996879583992844,-0.45287109617051063,5.3303146754129215e-05,-0.00021754276767807008,-0.0001541639541011386
,,1582.0,1.1996593475341797,5.996879583992844,-0.45287109617051063,5.3303146754129215e-05,-0.00021754276767807008,-0.0001541639541011386
,,1587.0,1.2024762630462646,5.996879583992844,-0.45287109617051063,5.3303146754129215e-05,-0.00021754276767807008,-0.0001541639541011386
,,1588.0,1.2052931785583496,5.996879583992844,-0.45287109617051063,5.3303146754129215e-05,-0.00021754276767807008,-0.0001541639541011386
,,1599.0,1.2101209163665771,5.996879583992844,-0.45287109617051063,5.3303146754129215e-05,-0.00021754276767807008,-0.0001541639541011386
,,1600.0,1.2149910926818848,5.995510745922998,-0.45287109617051063,5.3303146754129215e-05,-0.00021754276767807008,-0.0001541639541011386
,,1604.0,1.216475486755371,5.996879583992844,-0.45287109617051063,5.3303146754129215e-05,-0.00021754276767807008,-0.0001541639541011386
,,1610.0,1.2208061218261719,5.996879583992844,-0.45287109617051063,5.3303146754129215e-05,-0.00021754276767807008,-0.0001541639541011386
,,1619.0,1.2228569984436035,5.996879583992844,-0.45287109617051063,5.3303146754129215e-05,-0.00021754276767807008,-0.0001541639541011386
,,1626.0,1.2255194187164307,5.99824904724564,-0.45287109617051063,5.3303146754129215e-05,-0.00021754276767807008,-0.0001541639541011386
,,1627.0,1.2281818389892578,5.996879583992844,-0.45287109617051063,5.3303146754129215e-05,-0.00021754276767807008,-0.0001541639541011386
,,1640.0,1.232905626296997,5.996879583992844,-0.45416036548504035,5.3560975463015256e-05,-0.00021636052872025139,-0.0006220287331529483
,,1645.0,1.2338573932647705,5.99824904724564,-0.45416036548504035,5.3560975463015256e-05,-0.00021636052872025139,-0.0006220287331529483
,,1646.0,1.2381000518798828,5.990041636918736,-0.45416036548504035,5.3560975463015256e-05,-0.00021636052872025139,-0.0006220287331529483
,,1656.0,1.2430176734924316,6.00236119238772,-0.45416036548504035,5.3560975463015256e-05,-0.00021636052872025139,-0.0006220287331529483
,,1656.0,1.2479352951049805,6.00236119238772,-0.45416036548504035,5.3560975463015256e-05,-0.00021636052872025139,-0.0006220287331529483
,,1663.0,1.2519409656524658,5.996879583992844,-0.45416036548504035,5.3560975463015256e-05,-0.00021636052872025139,-0.0006220287331529483
,,1671.0,1.2531952857971191,5.996879583992844,-0.4519989433989135,5.36112835037732e-05,-0.00021565621614963576,-0.0002522646335798018
,,1672.0,1.2578182220458984,5.996879583992844,-0.4519989433989135,5.36112835037732e-05,-0.00021565621614963576,-0.0002522646335798018
,,1674.0,1.262951374053955,5.995510745922998,-0.4519989433989135,5.36112835037732e-05,-0.00021565621614963576,-0.0002522646335798018
,,1696.0,1.264582872390747,5.996879583992844,-0.4536674095706611,5.2995010004484833e-05,-0.0002163982597508202,9.863395070903725e-05
,,1699.0,1.2711710929870605,5.996879583992844,-0.4536674095706611,5.2995010004484833e-05,-0.0002163982597508202,9.863395070903725e-05
,,1710.0,1.2760868072509766,5.996879583992844,-0.4536674095706611,5.2995010004484833e-05,-0.0002163982597508202,9.863395070903725e-05
,,1713.0,1.280815601348877,5.996879583992844,-0.4536674095706611,5.2995010004484833e-05,-0.0002163982597508202,9.863395070903725e-05
,,1722.0,1.28627347946167,6.00236119238772,-0.44945832445557216,5.259883418351357e-05,-0.00021731638149465775,-0.00015982360868642021
,,1724.0,1.2920453548431396,5.996879583992844,-0.44945832445557216,5.259883418351357e-05,-0.00021731638149465775,-0.00015982360868642021
,,1733.0,1.2970263957977295,5.99824904724564,-0.44945832445557216,5.259883418351357e-05,-0.00021731638149465775,-0.00015982360868642021
,,1734.0,1.3024849891662598,5.996879583992844,-0.44945832445557216,5.259883418351357e-05,-0.00021731638149465775,-0.00015982360868642021
,,1734.0,1.30794358253479,5.996879583992844,-0.44945832445557216,5.259883418351357e-05,-0.00021731638149465775,-0.00015982360868642021
,,1752.0,1.3079757690429688,5.996879583992844,-0.45093719219871065,5.247935258671292e-05,-0.00021786348143790386,-0.0005937304602263205
,,1768.0,1.312429666519165,5.996879583992844,-0.45093719219871065,5.247935258671292e-05,-0.00021786348143790386,-0.0005937304602263205
,,1768.0,1.3181452751159668,5.996879583992844,-0.45093719219871065,5.247935258671292e-05,-0.00021786348143790386,-0.0005937304602263205
,,1769.0,1.3220412731170654,5.995510745922998,-0.45093719219871065,5.247935258671292e-05,-0.00021786348143790386,-0.0005937304602263205
,,1779.0,1.3269433975219727,5.996879583992844,-0.44995128036995335,5.179390553138208e-05,-0.0002187564491613629,-0.0004541256471220967
,,1794.0,1.3319134712219238,5.996879583992844,-0.44995128036995335,5.179390553138208e-05,-0.0002187564491613629,-0.0004541256471220967
,,1795.0,1.3367149829864502,5.995510745922998,-0.44995128036995335,5.179390553138208e-05,-0.0002187564491613629,-0.0004541256471220967
,,1796.0,1.341385841369629,5.996879583992844,-0.44995128036995335,5.179390553138208e-05,-0.0002187564491613629,-0.0004541256471220967
,,1806.0,1.3462903499603271,5.996879583992844,-0.44926872602696244,5.1749885995718525e-05,-0.00021908973993138608,-0.0009219904261738531
,,1811.0,1.351236343383789,5.999619136109789,-0.44926872602696244,5.1749885995718525e-05,-0.00021908973993138608,-0.0009219904261738531
,,1812.0,1.356182336807251,5.996879583992844,-0.44926872602696244,5.1749885995718525e-05,-0.00021908973993138608,-0.0009219904261738531
,,1825.0,1.3611042499542236,5.99824904724564,-0.44926872602696244,5.1749885995718525e-05,-0.00021908973993138608,-0.0009219904261738531
,,1827.0,1.3663721084594727,5.996879583992844,-0.44926872602696244,5.1749885995718525e-05,-0.00021908973993138608,-0.0009219904261738531
,,1831.0,1.3713202476501465,5.995510745922998,-0.4508613528272684,5.1441749246074143e-05,-0.0002191086054466708,-0.0006578732121930808
,,1849.0,1.3764467239379883,5.996879583992844,-0.4506338347129398,5.081918724169108e-05,-0.00021986322605804424,-0.00036923082834269924
,,1850.0,1.381256103515625,5.995510745922998,-0.4506338347129398,5.081918724169108e-05,-0.00021986322605804424,-0.00036923082834269924
,,1851.0,1.3860654830932617,5.99824904724564,-0.4506338347129398,5.081918724169108e-05,-0.00021986322605804424,-0.00036923082834269924
,,1852.0,1.390223503112793,5.995510745922998,-0.4506338347129398,5.081918724169108e-05,-0.00021986322605804424,-0.00036923082834269924
,,1853.0,1.3955049514770508,5.996879583992844,-0.4506338347129398,5.081918724169108e-05,-0.00021986322605804424,-0.00036923082834269924
,,1854.0,1.4007863998413086,5.996879583992844,-0.4506338347129398,5.081918724169108e-05,-0.00021986322605804424,-0.00036923082834269924
,,1863.0,1.405677080154419,5.996879583992844,-0.4506338347129398,5.081918724169108e-05,-0.00021986322605804424,-0.00036923082834269924
,,1868.0,1.4105818271636963,5.99824904724564,-0.4506338347129398,5.081918724169108e-05,-0.00021986322605804424,-0.00036923082834269924
,,1882.0,1.415424108505249,5.996879583992844,-0.447031464569395,5.080032172640636e-05,-0.0002204040374961953,8.354153848156854e-05
,,1889.0,1.4202880859375,5.996879583992844,-0.447031464569395,5.080032172640636e-05,-0.0002204040374961953,8.354153848156854e-05
,,1893.0,1.4268341064453125,5.995510745922998,-0.447031464569395,5.080032172640636e-05,-0.0002204040374961953,8.354153848156854e-05
,,1894.0,1.4328553676605225,5.996879583992844,-0.447031464569395,5.080032172640636e-05,-0.0002204040374961953,8.354153848156854e-05
,,1900.0,1.4374337196350098,5.996879583992844,-0.447031464569395,5.080032172640636e-05,-0.0002204040374961953,8.354153848156854e-05
,,1911.0,1.442408561706543,5.999619136109789,-0.45086135282726925,5.0152605701644104e-05,-0.00022090711790377757,0.00021560014547207464
,,1912.0,1.4473135471343994,5.996879583992844,-0.45086135282726925,5.0152605701644104e-05,-0.00022090711790377757,0.00021560014547207464
,,1914.0,1.4516761302947998,5.996879583992844,-0.45086135282726925,5.0152605701644104e-05,-0.00022090711790377757,0.00021560014547207464
,,1919.0,1.456268072128296,5.99824904724564,-0.45086135282726925,5.0152605701644104e-05,-0.00022090711790377757,0.00021560014547207464
,,1928.0,1.4612452983856201,5.996879583992844,-0.45086135282726925,5.0152605701644104e-05,-0.00022090711790377757,0.00021560014547207464
,,1929.0,1.465193271636963,5.996879583992844,-0.45086135282726925,5.0152605701644104e-05,-0.00022090711790377757,0.00021560014547207464
,,1943.0,1.4702677726745605,5.996879583992844,-0.45404660642787714,4.988848848766328e-05,-0.00022171204655590957,0.00010618015682277494
,,1944.0,1.4753422737121582,5.996879583992844,-0.45404660642787714,4.988848848766328e-05,-0.00022171204655590957,0.00010618015682277494
,,1946.0,1.4801654815673828,5.996879583992844,-0.45404660642787714,4.988848848766328e-05,-0.00022171204655590957,0.00010618015682277494
,,1947.0,1.4849886894226074,5.996879583992844,-0.45404660642787714,4.988848848766328e-05,-0.00022171204655590957,0.00010618015682277494
,,1948.0,1.489607334136963,6.000989851014086,-0.45404660642787714,4.988848848766328e-05,-0.00022171204655590957,0.00010618015682277494
,,1950.0,1.4929018020629883,5.995510745922998,-0.45404660642787714,4.988848848766328e-05,-0.00022171204655590957,0.00010618015682277494
,,1952.0,1.4976670742034912,5.996879583992844,-0.45404660642787714,4.988848848766328e-05,-0.00022171204655590957,0.00010618015682277494
,,1967.0,1.5024158954620361,5.996879583992844,-0.4535536505134981,4.969354482972523e-05,-0.00022205162583102754,-0.000861620777263985
,,1979.0,1.5070462226867676,5.996879583992844,-0.4535536505134981,4.969354482972523e-05,-0.00022205162583102754,-0.000861620777263985
,,1980.0,1.5129330158233643,5.996879583992844,-0.4535536505134981,4.969354482972523e-05,-0.00022205162583102754,-0.000861620777263985
,,1988.0,1.515929937362671,5.99824904724564,-0.447979456712433,4.922190694761643e-05,-0.00022249810969275706,-0.00043337358030939296
,,1988.0,1.5189268589019775,5.99824904724564,-0.447979456712433,4.922190694761643e-05,-0.00022249810969275706,-0.00043337358030939296
,,1988.0,1.5213234424591064,5.99824904724564,-0.447979456712433,4.922190694761643e-05,-0.00022249810969275706,-0.00043337358030939296
,,1990.0,1.5274932384490967,5.995510745922998,-0.447979456712433,4.922190694761643e-05,-0.00022249810969275706,-0.00043337358030939296
,,1993.0,1.5324914455413818,5.996879583992844,-0.447979456712433,4.922190694761643e-05,-0.00022249810969275706,-0.00043337358030939296
,,2002.0,1.5375404357910156,5.995510745922998,-0.447979456712433,4.922190694761643e-05,-0.00022249810969275706,-0.00043337358030939296
,,2005.0,1.5419080257415771,5.99824904724564,-0.447979456712433,4.922190694761643e-05,-0.00022249810969275706,-0.00043337358030939296
,,2008.0,1.5468392372131348,5.996879583992844,-0.45029255754144454,4.902067478458356e-05,-0.0002231898452531829,-0.0005088356414467432
,,2013.0,1.5518102645874023,5.996879583992844,-0.45029255754144454,4.902067478458356e-05,-0.0002231898452531829,-0.0005088356414467432
,,2017.0,1.5567102432250977,5.994142532608092,-0.45029255754144454,4.902067478458356e-05,-0.0002231898452531829,-0.0005088356414467432
,,2030.0,1.5618550777435303,5.996879583992844,-0.4505200756557757,4.84672863362428e-05,-0.00022409538998683116,-0.0006880580366480049
,,2031.0,1.566999912261963,5.996879583992844,-0.4505200756557757,4.84672863362428e-05,-0.00022409538998683116,-0.0006880580366480049
,,2031.0,1.5720951557159424,5.996879583992844,-0.4505200756557757,4.84672863362428e-05,-0.00022409538998683116,-0.0006880580366480049
,,2035.0,1.577080249786377,5.995510745922998,-0.4505200756557757,4.84672863362428e-05,-0.00022409538998683116,-0.0006880580366480049
,,2045.0,1.5819957256317139,5.996879583992844,-0.4505200756557757,4.84672863362428e-05,-0.00022409538998683116,-0.0006880580366480049
,,2053.0,1.58803129196167,5.996879583992844,-0.4515439071702561,4.786987835223866e-05,-0.00022376209921680764,-0.0003069746279043617
,,2059.0,1.5929605960845947,5.996879583992844,-0.4515439071702561,4.786987835223866e-05,-0.00022376209921680764,-0.0003069746279043617
,,2067.0,1.5980184078216553,5.99824904724564,-0.4515439071702561,4.786987835223866e-05,-0.00022376209921680764,-0.0003069746279043617
,,2068.0,1.6030762195587158,5.996879583992844,-0.4515439071702561,4.786987835223866e-05,-0.00022376209921680764,-0.0003069746279043617
,,2082.0,1.608163595199585,5.996879583992844,-0.45234022057040774,4.6731658930083596e-05,-0.00022496320368991106,-0.0006974907942903052
,,2095.0,1.612696647644043,6.003733160660265,-0.45234022057040774,4.6731658930083596e-05,-0.00022496320368991106,-0.0006974907942903052
,,2096.0,1.6168501377105713,5.996879583992844,-0.45234022057040774,4.6731658930083596e-05,-0.00022496320368991106,-0.0006974907942903052
,,2096.0,1.6210036277770996,5.996879583992844,-0.45234022057040774,4.6731658930083596e-05,-0.00022496320368991106,-0.0006974907942903052
,,2111.0,1.6261131763458252,5.994142532608092,-0.4530227749133965,4.720329681219213e-05,-0.00022564236224014708,-0.0005220415021457891
,,2121.0,1.6310832500457764,5.996879583992844,-0.4530227749133965,4.720329681219213e-05,-0.00022564236224014708,-0.0005220415021457891
,,2123.0,1.6357629299163818,5.996879583992844,-0.4530227749133965,4.720329681219213e-05,-0.00022564236224014708,-0.0005220415021457891
,,2124.0,1.6406774520874023,5.99824904724564,-0.4530227749133965,4.720329681219213e-05,-0.00022564236224014708,-0.0005220415021457891
,,2125.0,1.6454851627349854,5.996879583992844,-0.4530227749133965,4.720329681219213e-05,-0.00022564236224014708,-0.0005220415021457891
,,2133.0,1.650484323501587,5.996879583992844,-0.4498754409985084,4.661846583837756e-05,-0.00022578070935223239,-0.0007069235519324191
,,2137.0,1.6554348468780518,6.003733160660265,-0.4498754409985084,4.661846583837756e-05,-0.00022578070935223239,-0.0007069235519324191
,,2139.0,1.6604804992675781,5.996879583992844,-0.4498754409985084,4.661846583837756e-05,-0.00022578070935223239,-0.0007069235519324191
,,2139.0,1.6655261516571045,5.996879583992844,-0.4498754409985084,4.661846583837756e-05,-0.00022578070935223239,-0.0007069235519324191
,,2142.0,1.6701550483703613,5.996879583992844,-0.4498754409985084,4.661846583837756e-05,-0.00022578070935223239,-0.0007069235519324191
,,2159.0,1.6756138801574707,5.996879583992844,-0.4572318600284861,4.683227501159992e-05,-0.00022652275295341644,-0.0002503780820512658
,,2160.0,1.6799001693725586,5.995510745922998,-0.4572318600284861,4.683227501159992e-05,-0.00022652275295341644,-0.0002503780820512658
,,2161.0,1.6851005554199219,5.995510745922998,-0.4572318600284861,4.683227501159992e-05,-0.00022652275295341644,-0.0002503780820512658
,,2162.0,1.6895744800567627,5.99824904724564,-0.4572318600284861,4.683227501159992e-05,-0.00022652275295341644,-0.0002503780820512658
,,2166.0,1.6929337978363037,5.996879583992844,-0.4572318600284861,4.683227501159992e-05,-0.00022652275295341644,-0.0002503780820512658
,,2180.0,1.697864055633545,5.996879583992844,-0.4513543087416484,4.6058788884941745e-05,-0.00022753520227367582,-0.00039186944668375247
,,2191.0,1.702648401260376,5.996879583992844,-0.44767609922665924,4.541107286017932e-05,-0.00022791880108445763,-0.0007012638973470176
,,2196.0,1.7078402042388916,5.994142532608092,-0.44767609922665924,4.541107286017932e-05,-0.00022791880108445763,-0.0007012638973470176
,,2197.0,1.7100985050201416,5.99824904724564,-0.44767609922665924,4.541107286017932e-05,-0.00022791880108445763,-0.0007012638973470176
,,2209.0,1.7150251865386963,6.003733160660265,-0.45453956234225695,4.547395791112709e-05,-0.0002286042481397887,-0.0001220925781177451
,,2210.0,1.7201859951019287,5.988675918351267,-0.45453956234225695,4.547395791112709e-05,-0.0002286042481397887,-0.0001220925781177451
,,2210.0,1.7253468036651611,5.988675918351267,-0.45453956234225695,4.547395791112709e-05,-0.0002286042481397887,-0.0001220925781177451
,,2211.0,1.7317404747009277,5.99824904724564,-0.45453956234225695,4.547395791112709e-05,-0.0002286042481397887,-0.0001220925781177451
,,2216.0,1.7363982200622559,6.005105756261695,-0.45453956234225695,4.547395791112709e-05,-0.0002286042481397887,-0.0001220925781177451
,,2217.0,1.741055965423584,5.990041636918736,-0.45453956234225695,4.547395791112709e-05,-0.0002286042481397887,-0.0001220925781177451
,,2217.0,1.745713710784912,5.990041636918736,-0.45453956234225695,4.547395791112709e-05,-0.0002286042481397887,-0.0001220925781177451
,,2217.0,1.7503714561462402,5.990041636918736,-0.45453956234225695,4.547395791112709e-05,-0.0002286042481397887,-0.0001220925781177451
,,2217.0,1.7551171779632568,5.990041636918736,-0.45453956234225695,4.547395791112709e-05,-0.0002286042481397887,-0.0001220925781177451
,,2219.0,1.7601239681243896,5.996879583992844,-0.45453956234225695,4.547395791112709e-05,-0.0002286042481397887,-0.0001220925781177451
,,2223.0,1.765007734298706,5.996879583992844,-0.45453956234225695,4.547395791112709e-05,-0.0002286042481397887,-0.0001220925781177451
,,2232.0,1.769214153289795,5.988675918351267,-0.45453956234225695,4.547395791112709e-05,-0.0002286042481397887,-0.0001220925781177451
,,2233.0,1.7734205722808838,5.996879583992844,-0.45453956234225695,4.547395791112709e-05,-0.0002286042481397887,-0.0001220925781177451
,,2234.0,1.7770259380340576,5.996879583992844,-0.45453956234225695,4.547395791112709e-05,-0.0002286042481397887,-0.0001220925781177451
,,2235.0,1.7813780307769775,5.99824904724564,-0.45453956234225695,4.547395791112709e-05,-0.0002286042481397887,-0.0001220925781177451
,,2245.0,1.7862982749938965,5.996879583992844,-0.4507096740843814,4.447408560105708e-05,-0.00022927711818492992,-0.0008163435405816188
,,2250.0,1.7911622524261475,5.996879583992844,-0.4507096740843814,4.447408560105708e-05,-0.00022927711818492992,-0.0008163435405816188
,,2264.0,1.7952258586883545,5.99824904724564,-0.4507096740843814,4.447408560105708e-05,-0.00022927711818492992,-0.0008163435405816188
,,2264.0,1.7992894649505615,5.99824904724564,-0.45135430874164856,4.478851085579598e-05,-0.0002297864870976075,7.976843542468303e-05
,,2269.0,1.804182529449463,5.995510745922998,-0.45135430874164856,4.478851085579598e-05,-0.0002297864870976075,7.976843542468303e-05
,,2273.0,1.8093748092651367,5.996879583992844,-0.45135430874164856,4.478851085579598e-05,-0.0002297864870976075,7.976843542468303e-05
,,2275.0,1.8140065670013428,5.995510745922998,-0.45135430874164856,4.478851085579598e-05,-0.0002297864870976075,7.976843542468303e-05
,,2278.0,1.8184244632720947,5.99824904724564,-0.45135430874164856,4.478851085579598e-05,-0.0002297864870976075,7.976843542468303e-05
,,2278.0,1.8241446018218994,5.99824904724564,-0.45135430874164856,4.478851085579598e-05,-0.0002297864870976075,7.976843542468303e-05
,,2283.0,1.8292131423950195,5.995510745922998,-0.45135430874164856,4.478851085579598e-05,-0.0002297864870976075,7.976843542468303e-05
,,2296.0,1.8338031768798828,5.996879583992844,-0.4518851843417494,4.409677529537039e-05,-0.0002297361790568491,-0.00028622256109159136
,,2311.0,1.8388850688934326,6.000989851014086,-0.4518851843417494,4.409677529537039e-05,-0.0002297361790568491,-0.00028622256109159136
,,2312.0,1.844162940979004,5.999619136109789,-0.4518851843417494,4.409677529537039e-05,-0.0002297361790568491,-0.00028622256109159136
,,2313.0,1.8490958213806152,5.996879583992844,-0.4518851843417494,4.409677529537039e-05,-0.0002297361790568491,-0.00028622256109159136
,,2323.0,1.85410475730896,5.996879583992844,-0.4488895291697489,4.3618848908166853e-05,-0.00023047193415293857,-0.00041450806502505875
,,2335.0,1.858743667602539,5.99824904724564,-0.4488895291697489,4.3618848908166853e-05,-0.00023047193415293857,-0.00041450806502505875
,,2337.0,1.8640813827514648,5.999619136109789,-0.4488895291697489,4.3618848908166853e-05,-0.00023047193415293857,-0.00041450806502505875
,,2358.0,1.8690531253814697,5.996879583992844,-0.4529848552276746,4.293969035793079e-05,-0.0002308681099739097,-0.00017491602091389556
,,2365.0,1.869103193283081,5.995510745922998,-0.4529848552276746,4.293969035793079e-05,-0.0002308681099739097,-0.00017491602091389556
,,2368.0,1.872208833694458,5.996879583992844,-0.4529848552276746,4.293969035793079e-05,-0.0002308681099739097,-0.00017491602091389556
,,2386.0,1.8771684169769287,5.99824904724564,-0.452719417427623,4.336730870437573e-05,-0.00023147809496810323,7.976843542471634e-05
,,2407.0,1.8772010803222656,5.996879583992844,-0.4477140189123815,4.3235250097385423e-05,-0.00023166675012094702,8.079477344278274e-06
,,2410.0,1.8772358894348145,5.996879583992844,-0.4477140189123815,4.3235250097385423e-05,-0.00023166675012094702,8.079477344278274e-06
,,2410.0,1.8772706985473633,5.996879583992844,-0.4477140189123815,4.3235250097385423e-05,-0.00023166675012094702,8.079477344278274e-06
,,2410.0,1.8817706108093262,5.996879583992844,-0.4477140189123815,4.3235250097385423e-05,-0.00023166675012094702,8.079477344278274e-06
,,2421.0,1.8818035125732422,5.996879583992844,-0.4477140189123815,4.3235250097385423e-05,-0.00023166675012094702,8.079477344278274e-06
,,2421.0,1.884939432144165,5.996879583992844,-0.4477140189123815,4.3235250097385423e-05,-0.00023166675012094702,8.079477344278274e-06
,,2425.0,1.8916237354278564,5.996879583992844,-0.4477140189123815,4.3235250097385423e-05,-0.00023166675012094702,8.079477344278274e-06
,,2438.0,1.8963532447814941,5.996879583992844,-0.4477140189123815,4.3235250097385423e-05,-0.00023166675012094702,8.079477344278274e-06
,,2446.0,1.8997843265533447,5.996879583992844,-0.4477140189123815,4.3235250097385423e-05,-0.00023166675012094702,8.079477344278274e-06
,,2451.0,1.9003841876983643,5.996879583992844,-0.4477140189123815,4.3235250097385423e-05,-0.00023166675012094702,8.079477344278274e-06
,,2460.0,1.9014549255371094,5.996879583992844,-0.4477140189123815,4.3235250097385423e-05,-0.00023166675012094702,8.079477344278274e-06
,,2461.0,1.9061462879180908,5.996879583992844,-0.4477140189123815,4.3235250097385423e-05,-0.00023166675012094702,8.079477344278274e-06
,,2472.0,1.9109857082366943,5.996879583992844,-0.44881368979830755,4.2807631750940446e-05,-0.00023203777192153875,-0.00037111737987104875
,,2474.0,1.9167919158935547,5.996879583992844,-0.44881368979830755,4.2807631750940446e-05,-0.00023203777192153875,-0.00037111737987104875
,,2476.0,1.9169096946716309,5.996879583992844,-0.44881368979830755,4.2807631750940446e-05,-0.00023203777192153875,-0.00037111737987104875
,,2485.0,1.922267198562622,5.990041636918736,-0.44881368979830755,4.2807631750940446e-05,-0.00023203777192153875,-0.00037111737987104875
,,2489.0,1.9272456169128418,5.996879583992844,-0.44881368979830755,4.2807631750940446e-05,-0.00023203777192153875,-0.00037111737987104875
,,2492.0,1.9332044124603271,5.995510745922998,-0.44881368979830755,4.2807631750940446e-05,-0.00023203777192153875,-0.00037111737987104875
,,2492.0,1.9358108043670654,5.995510745922998,-0.44881368979830755,4.2807631750940446e-05,-0.00023203777192153875,-0.00037111737987104875
,,2499.0,1.9368977546691895,5.996879583992844,-0.44881368979830755,4.2807631750940446e-05,-0.00023203777192153875,-0.00037111737987104875
,,2504.0,1.9369444847106934,5.996879583992844,-0.44881368979830755,4.2807631750940446e-05,-0.00023203777192153875,-0.00037111737987104875
,,2514.0,1.9412250518798828,5.996879583992844,-0.44881368979830755,4.2807631750940446e-05,-0.00023203777192153875,-0.00037111737987104875
,,2522.0,1.9459705352783203,5.995510745922998,-0.44881368979830755,4.2807631750940446e-05,-0.00023203777192153875,-0.00037111737987104875
,,2522.0,1.950648307800293,5.995510745922998,-0.44881368979830755,4.2807631750940446e-05,-0.00023203777192153875,-0.00037111737987104875
,,2527.0,1.9530138969421387,5.996879583992844,-0.44881368979830755,4.2807631750940446e-05,-0.00023203777192153875,-0.00037111737987104875
,,2533.0,1.9564857482910156,5.996879583992844,-0.44881368979830755,4.2807631750940446e-05,-0.00023203777192153875,-0.00037111737987104875
,,2543.0,1.9603939056396484,5.996879583992844,-0.44881368979830755,4.2807631750940446e-05,-0.00023203777192153875,-0.00037111737987104875
,,2553.0,1.9631571769714355,5.990041636918736,-0.45161974654169934,4.343019375532364e-05,-0.00023039647209180085,6.0902920140408766e-05
,,2554.0,1.9659204483032227,5.996879583992844,-0.45161974654169934,4.343019375532364e-05,-0.00023039647209180085,6.0902920140408766e-05
,,2555.0,1.9705238342285156,5.996879583992844,-0.45161974654169934,4.343019375532364e-05,-0.00023039647209180085,6.0902920140408766e-05
,,2562.0,1.9754421710968018,5.995510745922998,-0.45161974654169934,4.343019375532364e-05,-0.00023039647209180085,6.0902920140408766e-05
,,2565.0,1.9845387935638428,5.996879583992844,-0.45161974654169934,4.343019375532364e-05,-0.00023039647209180085,6.0902920140408766e-05
,,2567.0,1.9865624904632568,5.996879583992844,-0.45161974654169934,4.343019375532364e-05,-0.00023039647209180085,6.0902920140408766e-05
,,2577.0,1.9898052215576172,5.996879583992844,-0.45161974654169934,4.343019375532364e-05,-0.00023039647209180085,6.0902920140408766e-05
,,2594.0,1.994398593902588,5.996879583992844,-0.45161974654169934,4.343019375532364e-05,-0.00023039647209180085,6.0902920140408766e-05
,,2595.0,1.9989917278289795,5.995510745922998,-0.45161974654169934,4.343019375532364e-05,-0.00023039647209180085,6.0902920140408766e-05
,,2596.0,2.003584861755371,5.99824904724564,-0.45161974654169934,4.343019375532364e-05,-0.00023039647209180085,6.0902920140408766e-05
,,2600.0,2.008505344390869,5.996879583992844,-0.45161974654169934,4.343019375532364e-05,-0.00023039647209180085,6.0902920140408766e-05
,,2601.0,2.013425827026367,5.996879583992844,-0.44760025985521795,4.393327416290602e-05,-0.00023001287328101958,6.844912625407984e-05
,,2606.0,2.0134763717651367,5.999619136109789,-0.44760025985521795,4.393327416290602e-05,-0.00023001287328101958,6.844912625407984e-05
,,2613.0,2.0141944885253906,5.996879583992844,-0.44760025985521795,4.393327416290602e-05,-0.00023001287328101958,6.844912625407984e-05
,,2615.0,2.017395257949829,5.996879583992844,-0.44760025985521795,4.393327416290602e-05,-0.00023001287328101958,6.844912625407984e-05
,,2626.0,2.0221595764160156,5.996879583992844,-0.44760025985521795,4.393327416290602e-05,-0.00023001287328101958,6.844912625407984e-05
,,2626.0,2.0275845527648926,5.996879583992844,-0.44760025985521795,4.393327416290602e-05,-0.00023001287328101958,6.844912625407984e-05
,,2626.0,2.0322060585021973,5.996879583992844,-0.44760025985521795,4.393327416290602e-05,-0.00023001287328101958,6.844912625407984e-05
,,2631.0,2.036336660385132,6.00236119238772,-0.44760025985521795,4.393327416290602e-05,-0.00023001287328101958,6.844912625407984e-05
,,2644.0,2.041691780090332,5.996879583992844,-0.4530227749133951,4.4209968387076565e-05,-0.00022986194915874475,-0.0005427935689586593
,,2651.0,2.0472171306610107,6.00236119238772,-0.4530227749133951,4.4209968387076565e-05,-0.00022986194915874475,-0.0005427935689586593
,,2651.0,2.0527424812316895,6.00236119238772,-0.4530227749133951,4.4209968387076565e-05,-0.00022986194915874475,-0.0005427935689586593
,,2654.0,2.0552918910980225,5.996879583992844,-0.4530227749133951,4.4209968387076565e-05,-0.00022986194915874475,-0.0005427935689586593
,,2654.0,2.0578413009643555,5.996879583992844,-0.4530227749133951,4.4209968387076565e-05,-0.00022986194915874475,-0.0005427935689586593
,,2662.0,2.062840700149536,5.996879583992844,-0.4501787984842808,4.358111787759831e-05,-0.00023048451116312803,1.56256834579227e-05
,,2662.0,2.0628867149353027,5.996879583992844,-0.4501787984842808,4.358111787759831e-05,-0.00023048451116312803,1.56256834579227e-05
,,2665.0,2.0669891834259033,5.996879583992844,-0.4501787984842808,4.358111787759831e-05,-0.00023048451116312803,1.56256834579227e-05
,,2678.0,2.0718839168548584,5.992774943620502,-0.4501787984842808,4.358111787759831e-05,-0.00023048451116312803,1.56256834579227e-05
,,2682.0,2.0765438079833984,5.99824904724564,-0.4501787984842808,4.358111787759831e-05,-0.00023048451116312803,1.56256834579227e-05
,,2688.0,2.0814547538757324,5.996879583992844,-0.4501787984842808,4.358111787759831e-05,-0.00023048451116312803,1.56256834579227e-05
,,2695.0,2.086379289627075,5.996879583992844,-0.45196102371319263,4.32038075719114e-05,-0.00023118253522864897,-0.0005861842541126027
,,2696.0,2.0928735733032227,5.996879583992844,-0.45196102371319263,4.32038075719114e-05,-0.00023118253522864897,-0.0005861842541126027
,,2698.0,2.097402811050415,5.995510745922998,-0.45196102371319263,4.32038075719114e-05,-0.00023118253522864897,-0.0005861842541126027
,,2700.0,2.1023619174957275,5.9914079785329974,-0.45196102371319263,4.32038075719114e-05,-0.00023118253522864897,-0.0005861842541126027
,,2709.0,2.107046604156494,5.996879583992844,-0.45196102371319263,4.32038075719114e-05,-0.00023118253522864897,-0.0005861842541126027
,,2714.0,2.111391544342041,5.996879583992844,-0.45294693554195264,4.2681861649044615e-05,-0.0002309184180146679,-3.9084310866630554e-05
,,2715.0,2.116255521774292,5.996879583992844,-0.45294693554195264,4.2681861649044615e-05,-0.0002309184180146679,-3.9084310866630554e-05
,,2720.0,2.120242118835449,6.003733160660265,-0.45294693554195264,4.2681861649044615e-05,-0.0002309184180146679,-3.9084310866630554e-05
,,2721.0,2.1247398853302,5.990041636918736,-0.45294693554195264,4.2681861649044615e-05,-0.0002309184180146679,-3.9084310866630554e-05
,,2739.0,2.1296846866607666,5.994142532608092,-0.45294693554195264,4.2681861649044615e-05,-0.0002309184180146679,-3.9084310866630554e-05
,,2739.0,2.134629487991333,5.994142532608092,-0.45294693554195264,4.2681861649044615e-05,-0.0002309184180146679,-3.9084310866630554e-05
,,2747.0,2.1396729946136475,6.000989851014086,-0.4481690551410402,4.275732371018197e-05,-0.0002323459086711832,0.00036463771621830565
,,2747.0,2.144716501235962,6.000989851014086,-0.4481690551410402,4.275732371018197e-05,-0.0002323459086711832,0.00036463771621830565
,,2747.0,2.149458408355713,6.000989851014086,-0.4481690551410402,4.275732371018197e-05,-0.0002323459086711832,0.00036463771621830565
,,2761.0,2.154484748840332,5.996879583992844,-0.4481690551410402,4.275732371018197e-05,-0.0002323459086711832,0.00036463771621830565
,,2762.0,2.1599082946777344,5.996879583992844,-0.4481690551410402,4.275732371018197e-05,-0.0002323459086711832,0.00036463771621830565
,,2769.0,2.1648433208465576,5.996879583992844,-0.4541982851707631,4.2480629486011656e-05,-0.00023183025125341123,-0.00030508807637586566
,,2778.0,2.1695210933685303,5.996879583992844,-0.4541982851707631,4.2480629486011656e-05,-0.00023183025125341123,-0.00030508807637586566
,,2779.0,2.174198865890503,5.995510745922998,-0.4541982851707631,4.2480629486011656e-05,-0.00023183025125341123,-0.00030508807637586566
,,2789.0,2.1791248321533203,5.996879583992844,-0.4541982851707631,4.2480629486011656e-05,-0.00023183025125341123,-0.00030508807637586566
,,2795.0,2.184262275695801,5.996879583992844,-0.4535157308277764,4.173229737973281e-05,-0.0002332828959303053,3.4491198742236934e-05
,,2796.0,2.1889936923980713,5.996879583992844,-0.4535157308277764,4.173229737973281e-05,-0.0002332828959303053,3.4491198742236934e-05
,,2808.0,2.1938955783843994,5.994142532608092,-0.4535157308277764,4.173229737973281e-05,-0.0002332828959303053,3.4491198742236934e-05
,,2816.0,2.1986913681030273,5.996879583992844,-0.4542741245422076,4.127323650781362e-05,-0.0002328112580481973,-0.000420167719610367
,,2816.0,2.2034871578216553,5.996879583992844,-0.4542741245422076,4.127323650781362e-05,-0.0002328112580481973,-0.000420167719610367
,,2816.0,2.208847999572754,5.996879583992844,-0.4542741245422076,4.127323650781362e-05,-0.0002328112580481973,-0.000420167719610367
,,2819.0,2.2148289680480957,5.99824904724564,-0.4542741245422076,4.127323650781362e-05,-0.0002328112580481973,-0.000420167719610367
,,2822.0,2.2165839672088623,5.995510745922998,-0.4542741245422076,4.127323650781362e-05,-0.0002328112580481973,-0.000420167719610367
,,2824.0,2.2217507362365723,5.995510745922998,-0.4542741245422076,4.127323650781362e-05,-0.0002328112580481973,-0.000420167719610367
,,2846.0,2.2266948223114014,5.996879583992844,-0.4475244204837734,4.1354987074045856e-05,-0.00023337722350672704,-0.0002503780820511858
,,2850.0,2.2318317890167236,5.996879583992844,-0.4475244204837734,4.1354987074045856e-05,-0.00023337722350672704,-0.0002503780820511858
,,2863.0,2.2367665767669678,5.995510745922998,-0.44695562519795085,4.0719848059473084e-05,-0.0002349304842651379,2.8831544157015274e-05
,,2867.0,2.2390623092651367,5.996879583992844,-0.44695562519795085,4.0719848059473084e-05,-0.0002349304842651379,2.8831544157015274e-05
,,2870.0,2.2440407276153564,6.003733160660265,-0.44695562519795085,4.0719848059473084e-05,-0.0002349304842651379,2.8831544157015274e-05
,,2876.0,2.248929500579834,5.996879583992844,-0.44695562519795085,4.0719848059473084e-05,-0.0002349304842651379,2.8831544157015274e-05
,,2880.0,2.253958225250244,5.996879583992844,-0.44695562519795085,4.0719848059473084e-05,-0.0002349304842651379,2.8831544157015274e-05
,,2881.0,2.2589869499206543,5.995510745922998,-0.44695562519795085,4.0719848059473084e-05,-0.0002349304842651379,2.8831544157015274e-05
,,2885.0,2.2629408836364746,5.996879583992844,-0.4493445653984091,4.0612943472861845e-05,-0.00023452173143397717,0.0004891501170950141
,,2888.0,2.2679190635681152,5.996879583992844,-0.4493445653984091,4.0612943472861845e-05,-0.00023452173143397717,0.0004891501170950141
,,2896.0,2.272601842880249,5.996879583992844,-0.4493445653984091,4.0612943472861845e-05,-0.00023452173143397717,0.0004891501170950141
,,2898.0,2.2775256633758545,5.996879583992844,-0.4493445653984091,4.0612943472861845e-05,-0.00023452173143397717,0.0004891501170950141
,,2900.0,2.282618284225464,6.003733160660265,-0.4493445653984091,4.0612943472861845e-05,-0.00023452173143397717,0.0004891501170950141
,,2905.0,2.2873640060424805,5.99824904724564,-0.4493445653984091,4.0612943472861845e-05,-0.00023452173143397717,0.0004891501170950141
,,2915.0,2.2920303344726562,5.996879583992844,-0.4510130315701542,3.989605389205684e-05,-0.00023577314394783837,-0.00046733150782122927
,,2916.0,2.297015905380249,5.996879583992844,-0.4510130315701542,3.989605389205684e-05,-0.00023577314394783837,-0.00046733150782122927
,,2916.0,2.302251100540161,5.996879583992844,-0.4510130315701542,3.989605389205684e-05,-0.00023577314394783837,-0.00046733150782122927
,,2917.0,2.302279233932495,5.995510745922998,-0.4510130315701542,3.989605389205684e-05,-0.00023577314394783837,-0.00046733150782122927
,,2924.0,2.302351951599121,5.996879583992844,-0.4510130315701542,3.989605389205684e-05,-0.00023577314394783837,-0.00046733150782122927
,,2924.0,2.3059775829315186,5.996879583992844,-0.4510130315701542,3.989605389205684e-05,-0.00023577314394783837,-0.00046733150782122927
,,2933.0,2.310850143432617,5.996879583992844,-0.4514301481130917,3.9499878071085435e-05,-0.00023608128069748275,-0.00017868912397075445
,,2952.0,2.315929651260376,5.996879583992844,-0.4514301481130917,3.9499878071085435e-05,-0.00023608128069748275,-0.00017868912397075445
,,2965.0,2.319262981414795,5.99824904724564,-0.4506717543986612,3.9065971219545975e-05,-0.00023634539791146352,-0.000703150448875487
,,2966.0,2.322596311569214,5.990041636918736,-0.4506717543986612,3.9065971219545975e-05,-0.00023634539791146352,-0.000703150448875487
,,2975.0,2.3276400566101074,5.996879583992844,-0.4506717543986612,3.9065971219545975e-05,-0.00023634539791146352,-0.000703150448875487
,,2983.0,2.3325929641723633,5.996879583992844,-0.44824489451248223,3.910999075520945e-05,-0.00023706857599736314,0.00043066701971343545
,,2985.0,2.3373172283172607,5.996879583992844,-0.44824489451248223,3.910999075520945e-05,-0.00023706857599736314,0.00043066701971343545
,,2988.0,2.3422412872314453,5.996879583992844,-0.44824489451248223,3.910999075520945e-05,-0.00023706857599736314,0.00043066701971343545
,,2996.0,2.3471972942352295,5.996879583992844,-0.44824489451248223,3.910999075520945e-05,-0.00023706857599736314,0.00043066701971343545
,,2996.0,2.352583646774292,5.996879583992844,-0.45105095125587685,3.843083220497294e-05,-0.00023752134836418782,-0.00023717222135216653
,,2997.0,2.3579699993133545,5.996879583992844,-0.45105095125587685,3.843083220497294e-05,-0.00023752134836418782,-0.00023717222135216653
,,3013.0,2.3628904819488525,5.996879583992844,-0.45105095125587685,3.843083220497294e-05,-0.00023752134836418782,-0.00023717222135216653
,,3028.0,2.3694727420806885,5.99824904724564,-0.45173350559886405,3.845598622535218e-05,-0.0002381690643889498,-0.0004277139257241114
,,3028.0,2.3760550022125244,5.99824904724564,-0.45173350559886405,3.845598622535218e-05,-0.0002381690643889498,-0.0004277139257241114
,,3030.0,2.3807826042175293,5.996879583992844,-0.45173350559886405,3.845598622535218e-05,-0.0002381690643889498,-0.0004277139257241114
,,3035.0,2.384287118911743,5.995510745922998,-0.45173350559886405,3.845598622535218e-05,-0.0002381690643889498,-0.0004277139257241114
,,3037.0,2.3883585929870605,5.995510745922998,-0.45173350559886405,3.845598622535218e-05,-0.0002381690643889498,-0.0004277139257241114
,,3038.0,2.3928747177124023,6.006478979622378,-0.45173350559886405,3.845598622535218e-05,-0.0002381690643889498,-0.0004277139257241114
,,3039.0,2.398376941680908,5.988675918351267,-0.45173350559886405,3.845598622535218e-05,-0.0002381690643889498,-0.0004277139257241114
,,3040.0,2.4016952514648438,5.999619136109789,-0.45173350559886405,3.845598622535218e-05,-0.0002381690643889498,-0.0004277139257241114
,,3049.0,2.406667709350586,5.996879583992844,-0.4560563497711179,3.7934040302485395e-05,-0.00023835143103669842,-0.0009219904261738998
,,3049.0,2.411640167236328,5.996879583992844,-0.4560563497711179,3.7934040302485395e-05,-0.00023835143103669842,-0.0009219904261738998
,,3050.0,2.411729335784912,5.996879583992844,-0.4560563497711179,3.7934040302485395e-05,-0.00023835143103669842,-0.0009219904261738998
,,3052.0,2.4155938625335693,5.995510745922998,-0.4560563497711179,3.7934040302485395e-05,-0.00023835143103669842,-0.0009219904261738998
,,3061.0,2.4206745624542236,5.994142532608092,-0.4560563497711179,3.7934040302485395e-05,-0.00023835143103669842,-0.0009219904261738998
